model,rmse,mae,qlike,n,ticker
baseline,0.018851085769918282,0.013763384358951426,-5.5124196862803005,2772,A
har,0.017416491101639016,0.012295483079766108,-5.559303788019242,2772,A
ridge,0.017186013231025265,0.012030106166966264,-5.567758847412333,2772,A
rf,0.017177448708275214,0.012027132445606272,-5.569327547168824,2772,A
baseline,0.02037775205484319,0.014639192800750107,-5.4436144872505725,2772,AAPL
har,0.018858867397837372,0.012988565143412692,-5.513269603999844,2772,AAPL
ridge,0.018395441867645575,0.012500226890161269,-5.528764477808854,2772,AAPL
rf,0.018580991910625042,0.012648664585022156,-5.536450468240157,2772,AAPL
baseline,0.01770995356219042,0.012311274896508325,-5.733168398297618,2772,ABT
har,0.016364984769761906,0.011346971777736628,-5.8688507601787006,2772,ABT
ridge,0.015987363394106748,0.011130985559688458,-5.873185291627153,2772,ABT
rf,0.016084767329488058,0.0110904431217471,-5.872813548022755,2772,ABT
baseline,0.018740792591361893,0.013759855586696564,-5.665574016598343,2772,ACN
har,0.01758301472877396,0.01282465772647555,-5.78819164842017,2772,ACN
ridge,0.01698364664829884,0.0121756917350177,-5.813633191716767,2772,ACN
rf,0.0170030165438788,0.012130064450313309,-5.819141193509167,2772,ACN
baseline,0.027505335998320193,0.019006929654032077,-5.067310780396341,2772,ADBE
har,0.024631919819268766,0.01594789194135911,-5.131394860592518,2772,ADBE
ridge,0.02431557718146144,0.015545283183321199,-5.157241973174463,2772,ADBE
rf,0.024355646623377903,0.015486522862676376,-5.161988632832252,2772,ADBE
baseline,0.02380752183123944,0.01615772619933477,-5.230598497068465,2772,ADI
har,0.021652981343151956,0.014032514018088058,-5.240529136454355,2772,ADI
ridge,0.021335870115032594,0.013873859871849567,-5.25078391527619,2772,ADI
rf,0.021690671288183864,0.01407002146500717,-5.252734201369616,2772,ADI
baseline,0.022925626535053204,0.014599724110976537,-5.477386497672642,2772,ADM
har,0.02057628360906398,0.01299451542599448,-5.546773897505523,2772,ADM
ridge,0.020247979073802193,0.012753909290396763,-5.550474011939219,2772,ADM
rf,0.020038625666464593,0.012576950561458434,-5.539610530960998,2772,ADM
baseline,0.018556046587079895,0.012272362476315614,-5.797926757752347,2772,ADP
har,0.017221247302268306,0.011595759173680385,-5.964414421574471,2772,ADP
ridge,0.016718428428469084,0.011218641552008897,-5.992986919519575,2772,ADP
rf,0.0169358215946263,0.011214437747965517,-5.987456438420842,2772,ADP
baseline,0.027544311588053663,0.019143831219607915,-4.795729858499019,2772,ADSK
har,0.025439243527181694,0.016394159043953863,-4.809729207958674,2772,ADSK
ridge,0.024752310022352973,0.015880438927512716,-4.863224719081903,2772,ADSK
rf,0.024957726219235307,0.01601347824498268,-4.862428771139194,2772,ADSK
baseline,0.015837921555896375,0.009654225626714748,-6.175667571025286,2772,AEE
har,0.014938963884417868,0.009668602404188284,-6.2327037503770475,2772,AEE
ridge,0.01475489207738541,0.009587146162925083,-6.249313049298014,2772,AEE
rf,0.015012866272112478,0.009466553796866815,-6.244876005562246,2772,AEE
baseline,0.013653751534019539,0.009289353052996592,-6.210228004813528,2772,AEP
har,0.01329160666848737,0.009463768031123409,-6.254235170081706,2772,AEP
ridge,0.01269559034125455,0.009280048497644848,-6.276144048928926,2772,AEP
rf,0.01306507140630974,0.009220200846917959,-6.270704230250023,2772,AEP
baseline,0.021178344417232233,0.012572407361076846,-5.87490688430342,2772,AFL
har,0.019346895792224785,0.012122836590827043,-6.055022799522139,2772,AFL
ridge,0.019021319647180415,0.011639916841312863,-6.068690291893983,2772,AFL
rf,0.019747777414306684,0.011421483023818475,-6.061309339907674,2772,AFL
baseline,0.02472994714505523,0.0155971702220595,-5.438169721056875,2772,AIG
har,0.023077383409348486,0.014008303768894375,-5.5334039283958205,2772,AIG
ridge,0.022655865041597854,0.013677454212950803,-5.537879456498995,2772,AIG
rf,0.024216646650605727,0.013912125185345913,-5.517380236567529,2772,AIG
baseline,0.033642317366662726,0.022421937413158118,-4.689688154548427,2772,AKAM
har,0.02930215187110522,0.017889707447933258,-4.8413633781895165,2772,AKAM
ridge,0.028502926590547244,0.017106600945112096,-4.898971259725015,2772,AKAM
rf,0.02811877882422253,0.016517914598570535,-4.904681565524319,2772,AKAM
baseline,0.047716351480004,0.028774115197960196,-3.933227648058887,2772,ALGN
har,0.04223375560894215,0.022975042276745655,-3.7308316469699445,2772,ALGN
ridge,0.04073579255214159,0.022113743434608243,-3.9612162460170035,2772,ALGN
rf,0.04087889159205673,0.022019485525665627,-4.000791547536213,2772,ALGN
baseline,0.01850606223377658,0.012635371395801044,-5.805973215051915,2772,ALL
har,0.017360211602386807,0.011860041978899992,-5.92387325423335,2772,ALL
ridge,0.017198947051828065,0.011597342281374861,-5.9318484940147425,2772,ALL
rf,0.01731271177991924,0.011585251298123156,-5.907701819807833,2772,ALL
baseline,0.04693898390534153,0.032375548713796984,-3.83384320231499,2772,AMD
har,0.044445304155922204,0.028495720867138367,-3.3358530569440945,2772,AMD
ridge,0.0431061041529049,0.027553228471768998,-3.4912212370905213,2772,AMD
rf,0.0432129944845926,0.027625005077171295,-3.54750285443635,2772,AMD
baseline,0.018859880648173358,0.013775521173232571,-5.583642451335601,2772,AMGN
har,0.01752548086981447,0.012503002131229327,-5.691028740760328,2772,AMGN
ridge,0.017215330227874515,0.01233080775787719,-5.720089362761343,2772,AMGN
rf,0.017184946550469482,0.012278995689898684,-5.715743053525398,2772,AMGN
baseline,0.024408639639274473,0.01767368452862109,-5.095320044341526,2772,AMZN
har,0.022241322723233942,0.014990234815863583,-5.157802659756783,2772,AMZN
ridge,0.021578870858531652,0.014369663673676206,-5.192870896473312,2772,AMZN
rf,0.021880086540145127,0.01450594367998257,-5.192339339354437,2772,AMZN
baseline,0.021951313258369274,0.014606215053195103,-5.578383690424534,2772,APD
har,0.019783757094933515,0.013074716254524221,-5.759090887902637,2772,APD
ridge,0.019412108259697976,0.012617787775144287,-5.766623599423344,2772,APD
rf,0.019435303327513982,0.012458167658369787,-5.765311833837472,2772,APD
baseline,0.031441422280420336,0.020784197745391607,-4.800338040988597,2772,AVGO
har,0.028410304068717782,0.017443933735868725,-4.7153575254468345,2772,AVGO
ridge,0.027642048893973738,0.016939072119495482,-4.750464625965191,2772,AVGO
rf,0.02820931558337078,0.017167864827685172,-4.763157276059054,2772,AVGO
baseline,0.02480636749215246,0.01613046932396649,-5.487896619340755,2772,AXP
har,0.02272787607524471,0.014071017531879115,-5.537784737592181,2772,AXP
ridge,0.02220357643730327,0.013577133590145384,-5.554232811359373,2772,AXP
rf,0.02331045004968931,0.013853906479295562,-5.527778658089185,2772,AXP
baseline,0.020450908157251566,0.013278539251411677,-5.640283252636761,2772,AZO
har,0.01836080013364449,0.01166439471338963,-5.718481434579321,2772,AZO
ridge,0.018121038023586705,0.011695581321578156,-5.750545761030668,2772,AZO
rf,0.018458342391586804,0.011625966208775594,-5.736691812095456,2772,AZO
baseline,0.030236755907352968,0.018735818876109533,-5.0654419241592805,2772,BA
har,0.028622239517927566,0.016635686468217895,-5.036201903685307,2772,BA
ridge,0.028167668392435875,0.016441295220816467,-5.0444487122012704,2772,BA
rf,0.031226314860753144,0.01709568188059458,-4.971369472039131,2772,BA
baseline,0.022443053347215344,0.01543651868236663,-5.35534045027844,2772,BAC
har,0.021008877913330854,0.013740589986220622,-5.394886259737189,2772,BAC
ridge,0.02065897869007758,0.013469304428216235,-5.402489961782469,2772,BAC
rf,0.021375696104982085,0.013759146464717478,-5.3920275727286215,2772,BAC
baseline,0.026069507340960647,0.016755845415705465,-5.399667849661814,2772,BAX
har,0.023519259985995567,0.014382755534353,-5.484157237375171,2772,BAX
ridge,0.023124630003786388,0.014146196077157688,-5.509969201032676,2772,BAX
rf,0.02289631368716192,0.013964165497215146,-5.526773667407007,2772,BAX
baseline,0.019023345964921026,0.012313330279374946,-5.721306300371323,2772,BDX
har,0.017314630485959683,0.011344914304039286,-5.90344286138499,2772,BDX
ridge,0.016993779129866333,0.011148661115667938,-5.908297993789248,2772,BDX
rf,0.016913638525314932,0.01094363033036274,-5.9024585450241815,2772,BDX
baseline,0.04781332067702483,0.024871440741013325,-4.191191191182795,2772,BIIB
har,0.04057470924458144,0.019567569183162523,-4.071989353760044,2772,BIIB
ridge,0.03978998787448022,0.019160727722216754,-4.1429590698704475,2772,BIIB
rf,0.038518461968278676,0.01822758142952517,-4.238381028178043,2772,BIIB
baseline,0.025648499210767676,0.01790977196538335,-5.033840315859358,2772,BKNG
har,0.023006025960385586,0.015291850688850818,-5.173248219826609,2772,BKNG
ridge,0.022175487155171314,0.014606282678525578,-5.223880051244585,2772,BKNG
rf,0.022388143297169857,0.014604616789455656,-5.226837326145929,2772,BKNG
baseline,0.019821660941125075,0.013292736588059031,-5.666707366665381,2772,BLK
har,0.018163350289713644,0.011898041665341098,-5.712444783534781,2772,BLK
ridge,0.017843333462751264,0.01166032569188994,-5.718433475033179,2772,BLK
rf,0.018340479312866316,0.011723689878406987,-5.720932971026134,2772,BLK
baseline,0.021420806658993857,0.014373475770181192,-5.449445731853623,2772,BMY
har,0.019001887115829452,0.01277556000227585,-5.5853640299430305,2772,BMY
ridge,0.01878362133852764,0.012672357330327238,-5.597550058098734,2772,BMY
rf,0.01862841553535572,0.012358116116670084,-5.586610060080875,2772,BMY
baseline,0.020844427476864113,0.014241439324269686,-5.505457400463236,2772,BSX
har,0.019540277114473734,0.013188659197802743,-5.575144693040239,2772,BSX
ridge,0.01921015184525799,0.012964653225914733,-5.597462637917633,2772,BSX
rf,0.019095908678015073,0.012807494841035489,-5.60919161826701,2772,BSX
baseline,0.02259661868960208,0.01497530148603208,-5.487454698469364,2772,CAG
har,0.020169793513039484,0.012753562284807759,-5.561606166474445,2772,CAG
ridge,0.019725123679467785,0.01256612006262848,-5.618047654601294,2772,CAG
rf,0.019596541687428186,0.012425316168662498,-5.626216082484711,2772,CAG
baseline,0.021021255009397853,0.015759185987608445,-5.263604766679316,2772,CAT
har,0.01973247196578648,0.014141643197698882,-5.293636022466635,2772,CAT
ridge,0.01933208963147013,0.013785877346235391,-5.3091639272004105,2772,CAT
rf,0.01941566176556937,0.013863226154660117,-5.318759218271461,2772,CAT
baseline,0.016765695010033704,0.011522812685915583,-6.018922339721413,2772,CB
har,0.01607766491851439,0.011231948894116033,-6.109519269573396,2772,CB
ridge,0.015893662496426684,0.010950750120306151,-6.120508520339344,2772,CB
rf,0.016017989293377017,0.010934587767261514,-6.112229477915646,2772,CB
baseline,0.04236410200455153,0.02507002803362399,-4.625489340020642,2772,CCL
har,0.04101595823713511,0.022432124709544053,-4.461749046904097,2772,CCL
ridge,0.039290414228092575,0.021622932622968803,-4.526104849407666,2772,CCL
rf,0.045373977291344014,0.023001429901897852,-4.330569235450063,2772,CCL
baseline,0.023930550801661357,0.017320259165229876,-5.153475710944691,2772,CDNS
har,0.022054813216539387,0.015027050534644135,-5.193670342276885,2772,CDNS
ridge,0.021766826579093713,0.014911636914160633,-5.199759893508205,2772,CDNS
rf,0.022185475989967438,0.015022865377771602,-5.197269883226762,2772,CDNS
baseline,0.01678456537609636,0.011879745336333278,-5.946213070730218,2772,CHD
har,0.01540868925853638,0.011095222469695689,-6.081815806160448,2772,CHD
ridge,0.015027437885514056,0.01082016575922067,-6.107566208946027,2772,CHD
rf,0.015001361260826981,0.010818875614980822,-6.1092568550940465,2772,CHD
baseline,0.02529384119893956,0.017059680132168988,-5.3191470394656495,2772,CI
har,0.022956038601905766,0.01479273866892977,-5.323388157675919,2772,CI
ridge,0.022761452592327935,0.014680945136754595,-5.328994321566527,2772,CI
rf,0.022753257913429976,0.014500847268168405,-5.34717727879701,2772,CI
baseline,0.014698075255574136,0.010153677866747023,-6.181153700653887,2772,CL
har,0.013798238345271057,0.010144063037923643,-6.333810313284795,2772,CL
ridge,0.01343540207308026,0.009699673871392563,-6.3544444155367055,2772,CL
rf,0.013307669038145587,0.009605859050788375,-6.354667841744926,2772,CL
baseline,0.019328058569210035,0.01329481449882361,-5.763533934861526,2772,CLX
har,0.017557643093620734,0.011923361199485588,-5.901414337559474,2772,CLX
ridge,0.016988169902287895,0.011617062819475827,-5.938564007990456,2772,CLX
rf,0.016963775817115712,0.011547981961055723,-5.9224498603463624,2772,CLX
baseline,0.0190971074777338,0.01365467455031525,-5.596805732702986,2772,CMCSA
har,0.017516547849110494,0.012271375170080588,-5.711081035678935,2772,CMCSA
ridge,0.017311462859232164,0.012138608571854266,-5.719726503459855,2772,CMCSA
rf,0.017347919016628768,0.012021263933347515,-5.715242680371829,2772,CMCSA
baseline,0.030542936372419883,0.021226693833143417,-4.874047431005781,2772,CMG
har,0.027411656445697513,0.017606250310967925,-4.84561447843134,2772,CMG
ridge,0.026553724804197595,0.016946039801085895,-4.907609097480503,2772,CMG
rf,0.026411458400673216,0.016709746022391565,-4.951194413801443,2772,CMG
baseline,0.019513690371472058,0.011409347148588383,-5.962681426068781,2772,CNP
har,0.018398201421750634,0.010787159800333583,-5.99798971552473,2772,CNP
ridge,0.018064520877146224,0.010662109572677322,-6.0240003536406554,2772,CNP
rf,0.01945092856426609,0.010880469168861723,-5.992203325338224,2772,CNP
baseline,0.026786790324827083,0.017446673350214013,-5.069840566384848,2772,COF
har,0.025310547288268526,0.015409421907326488,-5.095237372950168,2772,COF
ridge,0.0250632520702318,0.01514443424201943,-5.103625320072527,2772,COF
rf,0.026551270878493474,0.015667355898238124,-5.0659350761803275,2772,COF
baseline,0.0262152547157791,0.016958802093297594,-5.071600686050757,2772,COP
har,0.025162353326050872,0.015397954736357869,-4.972733044026852,2772,COP
ridge,0.02454902443594397,0.01509590443200054,-4.998265179754934,2772,COP
rf,0.026165598072274067,0.01547629983267809,-5.0004193770005765,2772,COP
baseline,0.016234416904674517,0.011523941866108197,-5.918612787525151,2772,COST
har,0.015334215602300298,0.01104087068863422,-6.058200779996547,2772,COST
ridge,0.014973571332153482,0.010669045838115097,-6.074416101614355,2772,COST
rf,0.01469621678187772,0.010460515660475431,-6.086004949420112,2772,COST
baseline,0.020551341129512526,0.014576847680105006,-5.48744736112399,2772,CPB
har,0.018287432267697544,0.01254948658445331,-5.6843970504124055,2772,CPB
ridge,0.017844245297297383,0.012357445670493291,-5.738673650679265,2772,CPB
rf,0.017999367395985517,0.012383457467511245,-5.712656736649268,2772,CPB
baseline,0.028105923635275566,0.018455035684540246,-4.946919880078705,2772,CRM
har,0.025750552009940454,0.01620163979533693,-4.968657951835496,2772,CRM
ridge,0.025069859319215078,0.015699487999596008,-5.026275311190815,2772,CRM
rf,0.025162346492916602,0.015736744034152466,-5.020349534542487,2772,CRM
baseline,0.021549393239129418,0.014603010917747787,-5.610076078208759,2772,CSCO
har,0.019576163098471294,0.013138925185031645,-5.768249653260132,2772,CSCO
ridge,0.01891655858213857,0.012528856080763658,-5.793615780624695,2772,CSCO
rf,0.018706264784152094,0.012345819102007995,-5.8061676717383905,2772,CSCO
baseline,0.0225003922509686,0.014012831518035632,-5.412295567612504,2772,CSX
har,0.019988675878926398,0.012455116106505565,-5.491709261791364,2772,CSX
ridge,0.0197004017765001,0.012207142472246435,-5.509348968262263,2772,CSX
rf,0.019937077632403502,0.012076573701701773,-5.512246223719091,2772,CSX
baseline,0.023425731830549943,0.01601171278034502,-5.39955443508058,2772,CVS
har,0.02145193726804539,0.014069063425137035,-5.437341098915038,2772,CVS
ridge,0.021376693324256367,0.014021566645317616,-5.441253405703198,2772,CVS
rf,0.021060041213086758,0.013749861936025363,-5.435098746889385,2772,CVS
baseline,0.022273236840149896,0.013661085953192053,-5.64278830782361,2772,CVX
har,0.020259807922290745,0.012145396394548775,-5.683225221644965,2772,CVX
ridge,0.01987995463297458,0.011688044696646761,-5.698382818024303,2772,CVX
rf,0.021249655455175806,0.011969587404075407,-5.668852589582762,2772,CVX
baseline,0.017621069737255163,0.01091796963924318,-6.072816650685462,2772,D
har,0.01600809011080738,0.010167697177960972,-6.135658319070704,2772,D
ridge,0.015792544021248876,0.010090219037098213,-6.148348302489252,2772,D
rf,0.01619869140206652,0.010057199122308264,-6.143197855671344,2772,D
baseline,0.030382602545586744,0.0193605055025957,-4.936389868676302,2772,DAL
har,0.02853613583421362,0.017257233155975202,-4.844029362253122,2772,DAL
ridge,0.027465669214179582,0.01677092914479831,-4.903473357278837,2772,DAL
rf,0.029559350837099457,0.017435376961101277,-4.864305977804575,2772,DAL
baseline,0.03386190498057136,0.019264984407395245,-4.796002634288898,2772,DG
har,0.028732434972043055,0.01567832219600836,-4.999441637783896,2772,DG
ridge,0.028031536676667773,0.01524526828804661,-5.038298152258737,2772,DG
rf,0.027390911264168007,0.014641196747583147,-5.030011556569218,2772,DG
baseline,0.032940059706304675,0.01537290035694581,-4.732909880575198,2772,DHR
har,0.027198463364901632,0.013636289697780805,-5.189152389319763,2772,DHR
ridge,0.02624963557904471,0.0131175236273461,-5.107471496514882,2772,DHR
rf,0.025209483534169224,0.012462145211700528,-5.093234889815568,2772,DHR
baseline,0.022844504743755174,0.015495100973882939,-5.5101367917298205,2772,DIS
har,0.020955634215523936,0.013710621735557201,-5.601468292239526,2772,DIS
ridge,0.020386708386718157,0.013216644336898136,-5.619414952455418,2772,DIS
rf,0.020493385102744798,0.013028379720714306,-5.611910585461587,2772,DIS
baseline,0.03611937980742684,0.023361145075727664,-4.455982077460175,2772,DLTR
har,0.03135333245654788,0.018473618471130472,-4.605347653249893,2772,DLTR
ridge,0.030489960050071204,0.01803333923604549,-4.7341765738448665,2772,DLTR
rf,0.030225747273093823,0.017427682775802065,-4.721565951428631,2772,DLTR
baseline,0.024937445116840318,0.017202339755336166,-5.046310050574557,2772,DPZ
har,0.02251178339672221,0.014676638121935377,-5.185171170522974,2772,DPZ
ridge,0.02204217287911154,0.01444682991003548,-5.23699366494813,2772,DPZ
rf,0.021911568752934204,0.014336522958513148,-5.245956329169662,2772,DPZ
baseline,0.015695755664119154,0.009642151431140366,-6.20513371491027,2772,DTE
har,0.0150209968675775,0.009613402914616495,-6.268885952739103,2772,DTE
ridge,0.014945855194924477,0.009564771042162466,-6.276891464691373,2772,DTE
rf,0.015581537580512762,0.009563456055173655,-6.264457160933994,2772,DTE
baseline,0.014199609121719014,0.008799158281818388,-6.33710926155242,2772,DUK
har,0.013676627939692923,0.009171244741265063,-6.36580245387204,2772,DUK
ridge,0.0134953684182919,0.009021707054146249,-6.382586703352402,2772,DUK
rf,0.013589149175514332,0.008851152410659325,-6.3842155690882025,2772,DUK
baseline,0.05063680538106846,0.030439693475516703,-3.8331963391022033,2772,DXCM
har,0.04445224715260312,0.024642857178079607,-3.4162849973140923,2772,DXCM
ridge,0.04306280024299343,0.02393932925693132,-3.631653271558483,2772,DXCM
rf,0.04241553361025109,0.023205369759943778,-3.686724430684241,2772,DXCM
baseline,0.015148385771136343,0.009222816191071752,-6.260017289716573,2772,ED
har,0.014227631434809162,0.009120997657332581,-6.28276867747591,2772,ED
ridge,0.013837174275778373,0.009011116598762471,-6.302071570231032,2772,ED
rf,0.014030653232433547,0.008877413692570255,-6.301642820139534,2772,ED
baseline,0.031387285948423604,0.020296725268422088,-4.848613264734924,2772,EL
har,0.02814109563949347,0.01689615752524811,-4.966801803448033,2772,EL
ridge,0.027526997368461006,0.016240134323487313,-5.035385970015653,2772,EL
rf,0.027636755234052665,0.01618381900471736,-5.022355465852012,2772,EL
baseline,0.02806623763259149,0.01758729873951876,-4.9829231574678765,2772,EOG
har,0.02685370935412695,0.016189354596204256,-4.8664113869046535,2772,EOG
ridge,0.026253607279963148,0.01582508291436396,-4.930989962524012,2772,EOG
rf,0.02732209252598133,0.01634117024474437,-4.942563209652816,2772,EOG
baseline,0.018077498629527438,0.011207400878993808,-5.911357759498283,2772,ETR
har,0.016742315811299358,0.010638068230054903,-6.03366559073812,2772,ETR
ridge,0.016483410100271892,0.010474834604841483,-6.04917628003248,2772,ETR
rf,0.016868467733498697,0.010456920116166925,-6.041831563679542,2772,ETR
baseline,0.032412049173096744,0.01942994333796381,-4.739725750523657,2772,EW
har,0.028391744158035123,0.01623033363269954,-4.832868010779534,2772,EW
ridge,0.027655526226257197,0.015886437456462003,-4.886487392356498,2772,EW
rf,0.02702530741926387,0.015193768867154097,-4.890558407166775,2772,EW
baseline,0.01706874843816666,0.010522762885540785,-5.995976177785534,2772,EXC
har,0.016194540011100624,0.010196021558026782,-6.03929114657403,2772,EXC
ridge,0.015893796004953737,0.010161916398467578,-6.055331166234601,2772,EXC
rf,0.016462992028909263,0.010110250278585958,-6.0470533195057,2772,EXC
baseline,0.018731390672491004,0.013435694395606606,-5.653502422145899,2772,EXPD
har,0.017305568068187373,0.012214643431917216,-5.769093139010937,2772,EXPD
ridge,0.01744304650657061,0.01234062240445937,-5.778463492500636,2772,EXPD
rf,0.017287668868887576,0.01216792137898745,-5.778222774631796,2772,EXPD
baseline,0.028806928030989238,0.01897432257674149,-5.061175292827869,2772,FDX
har,0.025844230424617004,0.015935283362110118,-5.158472962126777,2772,FDX
ridge,0.025187139446724145,0.015389890427822584,-5.202057005253114,2772,FDX
rf,0.024928731320224055,0.01504797336039479,-5.207592878584052,2772,FDX
baseline,0.03796097823514235,0.02501485788790855,-4.380532485131735,2772,FTNT
har,0.033752839841761764,0.02042553259500847,-4.33638056833263,2772,FTNT
ridge,0.03275722730848944,0.019751849028732737,-4.456890020214583,2772,FTNT
rf,0.0325148565782637,0.019330368233409105,-4.462191401233267,2772,FTNT
baseline,0.02478249845683606,0.017266090718798578,-5.120957837233084,2772,GE
har,0.023859671320886143,0.015804169141043326,-5.128659112917091,2772,GE
ridge,0.023387561177673908,0.015479516654028013,-5.152309964970513,2772,GE
rf,0.02382639705855343,0.015503502937464064,-5.161840220250866,2772,GE
baseline,0.018392242699139437,0.01327945098484856,-5.5840476026938095,2772,GILD
har,0.017240179537903223,0.012112661271553919,-5.627570545180693,2772,GILD
ridge,0.017007633481247328,0.011972363864957153,-5.636278037815415,2772,GILD
rf,0.016819428598600618,0.01179382506358835,-5.645084038830765,2772,GILD
baseline,0.016148136157950112,0.011821798918266532,-5.917412259280705,2772,GIS
har,0.014988644394226588,0.011045392853302036,-6.033422180494082,2772,GIS
ridge,0.014419780379917804,0.010801708679110029,-6.065812430999602,2772,GIS
rf,0.014456699899029488,0.01067289637923644,-6.064302224783508,2772,GIS
baseline,0.02094032932480677,0.014895299030730016,-5.367422064831172,2772,GOOGL
har,0.019037899077190085,0.013039094239826257,-5.4465080514160915,2772,GOOGL
ridge,0.01858330004005457,0.012552963251313326,-5.462094528252601,2772,GOOGL
rf,0.018538398986985928,0.012539028924283902,-5.469404294916499,2772,GOOGL
baseline,0.02178138456176418,0.014680159466610422,-5.460124193468624,2772,GS
har,0.019838922843343237,0.012874508160778024,-5.49004465477328,2772,GS
ridge,0.019599024414117486,0.012612202178282244,-5.489723576645397,2772,GS
rf,0.019940752179198874,0.012709580948695934,-5.489400642564496,2772,GS
baseline,0.018292326717258684,0.011619161967280562,-5.900301668282502,2772,HD
har,0.016657847120878394,0.010610035605619551,-5.973475876935839,2772,HD
ridge,0.01649421194425734,0.010358732989185623,-5.982846990036863,2772,HD
rf,0.016932962065828356,0.01043882534376543,-5.97786647767416,2772,HD
baseline,0.024979920260087243,0.014030452649052337,-5.705213130006027,2772,HIG
har,0.022503908726135138,0.012639953031485107,-5.79687086632685,2772,HIG
ridge,0.021951355487994206,0.012355766674979568,-5.805522233786147,2772,HIG
rf,0.022983595144676343,0.01233535761783695,-5.778799009374599,2772,HIG
baseline,0.018308179835645318,0.01320549557822016,-5.57871463217076,2772,HLT
har,0.0177949721992585,0.012152325563519962,-5.578764837671657,2772,HLT
ridge,0.016986872246766708,0.011818953525243862,-5.613927017969652,2772,HLT
rf,0.017716870361589795,0.012126037501185257,-5.60319811896341,2772,HLT
baseline,0.017517018350935085,0.011753605756196361,-5.977565053279217,2772,HON
har,0.01636171027518626,0.011365886021743528,-6.080366778334036,2772,HON
ridge,0.015858390329403522,0.010848592306490849,-6.093355851884448,2772,HON
rf,0.016117765365326074,0.01081192531640823,-6.090644242509782,2772,HON
baseline,0.02863976549376426,0.01973840988753721,-4.864476664888328,2772,HPQ
har,0.02611478162214973,0.016704918679394873,-4.914131502385303,2772,HPQ
ridge,0.02553318932858903,0.016377249898701308,-4.968852372208924,2772,HPQ
rf,0.02601880478067606,0.01640629914328068,-4.961794005499902,2772,HPQ
baseline,0.020535010766946093,0.014051966248487419,-5.582919648784225,2772,HRL
har,0.018010279019369073,0.012286011275449043,-5.831909583753194,2772,HRL
ridge,0.017492810366354975,0.011918411748022408,-5.866163994305063,2772,HRL
rf,0.017367884753101144,0.011707502493965417,-5.854468618843234,2772,HRL
baseline,0.020235535479294194,0.012254736857063913,-5.7882397819985085,2772,HSY
har,0.017801479059927863,0.011284981192176748,-5.959619132232447,2772,HSY
ridge,0.017424689328206303,0.010984149286652568,-5.990720789497444,2772,HSY
rf,0.017426440828533313,0.010814749339599057,-5.996491192385474,2772,HSY
baseline,0.02042404605332649,0.014249427337645173,-5.487235104869549,2772,IBM
har,0.018815587519273553,0.01304703369224091,-5.747633658155902,2772,IBM
ridge,0.018442621139684395,0.012499618355327294,-5.752070884686698,2772,IBM
rf,0.01810825893266008,0.012239915025983095,-5.774526744563939,2772,IBM
baseline,0.028626973250871043,0.019211640859475996,-4.859456830000747,2772,IDXX
har,0.025078972242867315,0.016223685172195086,-4.953135203029517,2772,IDXX
ridge,0.02436815754103118,0.01592529548302668,-5.032154711006446,2772,IDXX
rf,0.02428245001037978,0.015605476054438832,-5.030783877112548,2772,IDXX
baseline,0.033937631148519935,0.022031609246976957,-4.788515988086965,2772,INTC
har,0.031200726934004563,0.018364788699808402,-4.71763196986955,2772,INTC
ridge,0.03054032777292526,0.017889460138699274,-4.762671042717427,2772,INTC
rf,0.030819618507238696,0.01809768564072055,-4.7617782459399844,2772,INTC
baseline,0.022677193045773713,0.015660065432567073,-5.222936312061161,2772,INTU
har,0.020794361402577552,0.01381829874120235,-5.309072826011511,2772,INTU
ridge,0.020440246975309474,0.01352640456266996,-5.3436832557715785,2772,INTU
rf,0.020895079374752837,0.013671468094345563,-5.330187756268451,2772,INTU
baseline,0.02310565030815659,0.015633388975343405,-5.340717757366981,2772,IQV
har,0.02117125066200516,0.013609052529893768,-5.397907728318606,2772,IQV
ridge,0.02074743217324679,0.013373744673114779,-5.432288926967104,2772,IQV
rf,0.02136063699804636,0.013573167559310347,-5.420718406740583,2772,IQV
baseline,0.024530728923660285,0.017683485944238783,-5.178783844226941,2772,ISRG
har,0.022324296525582866,0.015235962320631052,-5.266942087145896,2772,ISRG
ridge,0.021707197533633652,0.014910650055323823,-5.291415810527362,2772,ISRG
rf,0.021886095580706894,0.01486259199494948,-5.288963078570942,2772,ISRG
baseline,0.017176707619449245,0.01174243491990294,-5.966288408752878,2772,ITW
har,0.015999613574599114,0.011181073975118739,-6.023135938988936,2772,ITW
ridge,0.01566181078794739,0.01086789829598032,-6.034378884119332,2772,ITW
rf,0.01581061479674751,0.010823939962507339,-6.036803916731064,2772,ITW
baseline,0.021647043598713084,0.014612111187026001,-5.40861762405827,2772,JBHT
har,0.01974881000080638,0.012997115626580354,-5.434201316500933,2772,JBHT
ridge,0.019664343217592178,0.013014889845177716,-5.448804190337478,2772,JBHT
rf,0.019500666388163307,0.01282549170570975,-5.4567165020309885,2772,JBHT
baseline,0.014040922261080615,0.009423989057984031,-6.3527547046457284,2772,JNJ
har,0.013478787956733981,0.0098972519509361,-6.452210200869446,2772,JNJ
ridge,0.013147772852332828,0.009607695250018157,-6.473454554790631,2772,JNJ
rf,0.01305897929674035,0.009462328641721118,-6.474127800196174,2772,JNJ
baseline,0.020761623927967075,0.013686118853626783,-5.650702047627236,2772,JPM
har,0.01918278884837807,0.012510872988013415,-5.742288267070568,2772,JPM
ridge,0.019010979829305164,0.012222589558715679,-5.73779213210307,2772,JPM
rf,0.01945410056764481,0.012335308026227527,-5.735243643751623,2772,JPM
baseline,0.028289021166330346,0.01982014421389183,-4.798061237730467,2772,KLAC
har,0.026657082284657043,0.017407512584981487,-4.723299748516285,2772,KLAC
ridge,0.026185471549794153,0.017076055273375777,-4.7457829251556545,2772,KLAC
rf,0.026808900788842654,0.017347035629761594,-4.761566761992392,2772,KLAC
baseline,0.017509835687411414,0.011622919945589505,-5.891852684070868,2772,KMB
har,0.015821675767470594,0.011110495698152593,-6.133720449651478,2772,KMB
ridge,0.015179202728569019,0.010689676349089041,-6.176476797393062,2772,KMB
rf,0.015274391465062449,0.01056223891277674,-6.164464177043885,2772,KMB
baseline,0.012979971447051203,0.008716097306604671,-6.4689158123278,2772,KO
har,0.013048188305067574,0.009740412374133386,-6.548335717587453,2772,KO
ridge,0.012582453135028634,0.009174797776230986,-6.569090744989447,2772,KO
rf,0.012592151493871322,0.009165227894226162,-6.569549401995516,2772,KO
baseline,0.02532987709659494,0.0173043947141757,-5.200877653792244,2772,KR
har,0.0221029323212745,0.014620600565875453,-5.289418976300294,2772,KR
ridge,0.02173808974990713,0.014458959928029615,-5.345197204384001,2772,KR
rf,0.021594442462177902,0.014193939666722506,-5.355622997460951,2772,KR
baseline,0.015466359406437157,0.01099558936950185,-5.96843834379802,2772,LIN
har,0.014698501671763469,0.0108349464689477,-6.068566694298367,2772,LIN
ridge,0.014401862409709452,0.010410081142679434,-6.071621080773019,2772,LIN
rf,0.014362867518279497,0.0102941868076572,-6.077145144131926,2772,LIN
baseline,0.025061649775362623,0.0174420280489442,-5.266710414155327,2772,LLY
har,0.022529047989475335,0.014992886554535687,-5.32537978440305,2772,LLY
ridge,0.022128781197715795,0.014718669338407538,-5.357426169237564,2772,LLY
rf,0.022150834355839012,0.014634052140784894,-5.37264935040485,2772,LLY
baseline,0.013714470954174433,0.009621720555682275,-6.159456879777743,2772,LNT
har,0.013212738237410404,0.009390107031086368,-6.228484895237396,2772,LNT
ridge,0.012796009120933542,0.009273442200163259,-6.249449173337741,2772,LNT
rf,0.01305788479047056,0.009257073010131069,-6.239358761611417,2772,LNT
baseline,0.023452146212204542,0.015043076891791244,-5.481620423842869,2772,LOW
har,0.020679167263986768,0.012814219217300034,-5.5588158906861596,2772,LOW
ridge,0.02038808320526902,0.012521726557196789,-5.571386403298806,2772,LOW
rf,0.020840650704099007,0.012560001575816859,-5.5649515220580845,2772,LOW
baseline,0.028199125504435468,0.020119003332126288,-4.700962267170293,2772,LRCX
har,0.02743519931963776,0.01861052985420849,-4.570300545958818,2772,LRCX
ridge,0.026886212585197012,0.018249157760704456,-4.597630464521746,2772,LRCX
rf,0.027744330242830455,0.018480718756336834,-4.610766199941263,2772,LRCX
baseline,0.027298733598448807,0.019410546968893543,-4.90419225889122,2772,LUV
har,0.02561713858971802,0.017008288380407303,-4.860790658029203,2772,LUV
ridge,0.02491977158239758,0.016763643726660265,-4.924770281329292,2772,LUV
rf,0.02573185050517212,0.01710789387741266,-4.907193272703448,2772,LUV
baseline,0.018575151736362833,0.013073778559518103,-5.7600248383074915,2772,MA
har,0.017600565411129976,0.012249139274019619,-5.827139236660023,2772,MA
ridge,0.01714657908122759,0.011839066835623718,-5.845073630912899,2772,MA
rf,0.01752762468537078,0.011851352705726188,-5.8400423842396645,2772,MA
baseline,0.021558027002586775,0.015155584104743236,-5.395450079202577,2772,MAR
har,0.02116251414566747,0.01399101770966081,-5.408129934531635,2772,MAR
ridge,0.020158654311234137,0.013421042343600515,-5.437249073993789,2772,MAR
rf,0.021589464965756738,0.013845027008232548,-5.415415061298781,2772,MAR
baseline,0.016308516556837193,0.010321479962273101,-6.2071621354936335,2772,MCD
har,0.015209165753594286,0.01037576727437793,-6.355956191197107,2772,MCD
ridge,0.014553229524742927,0.009820800963050477,-6.3843318831024884,2772,MCD
rf,0.014961554155708727,0.009831397271706455,-6.375311528842431,2772,MCD
baseline,0.028843743127801358,0.019115829559689813,-4.886782576465681,2772,MCHP
har,0.0272380941645565,0.017151381852020232,-4.789624336917531,2772,MCHP
ridge,0.026703843493397546,0.016849146098608946,-4.8090321256368105,2772,MCHP
rf,0.027712763877053338,0.017211313653158353,-4.7977100660830745,2772,MCHP
baseline,0.01614452539653445,0.011231567404841663,-5.957308899604566,2772,MDLZ
har,0.014941916974246162,0.010795879642314718,-6.10020651066463,2772,MDLZ
ridge,0.014594436430235166,0.01052210904848834,-6.125268723971055,2772,MDLZ
rf,0.014616117669419372,0.010436229069059767,-6.119100109651569,2772,MDLZ
baseline,0.01662341621374225,0.011753320372007459,-5.922875752900106,2772,MDT
har,0.015626670655163336,0.01123241131207627,-6.022812928630509,2772,MDT
ridge,0.015584048768893698,0.010981354679122738,-6.018089454890205,2772,MDT
rf,0.015494807926592068,0.010886340856381214,-6.024187205137499,2772,MDT
baseline,0.02313229648425035,0.015503117546004905,-5.4149897886720115,2772,MET
har,0.021273983827467088,0.013566982857865933,-5.474908706230161,2772,MET
ridge,0.021107912581457,0.01336359768291271,-5.484143229429247,2772,MET
rf,0.02189333625081773,0.013599526293292736,-5.470485542758039,2772,MET
baseline,0.03472729072629636,0.02166631731427812,-4.781589128087785,2772,META
har,0.03100954896936006,0.017602963659984695,-4.741594872305998,2772,META
ridge,0.03002155541014142,0.017071238170011015,-4.794176914452287,2772,META
rf,0.029932926560296655,0.01697417768749961,-4.808078668890174,2772,META
baseline,0.019541630138228756,0.013010750433663178,-5.799110981875167,2772,MKC
har,0.01739703114649761,0.011648124256320051,-5.949207243350192,2772,MKC
ridge,0.017122048685660772,0.011480138180256495,-5.97170042982097,2772,MKC
rf,0.017339108879565503,0.011436766049521443,-5.957562969512858,2772,MKC
baseline,0.0222145846993026,0.014668711320082671,-5.504278691286038,2772,MMM
har,0.019849139110902688,0.013118127778080656,-5.675329704171032,2772,MMM
ridge,0.01937750462613556,0.012574400717979559,-5.698283931248079,2772,MMM
rf,0.019236378739856844,0.012410062062354045,-5.6841201253398,2772,MMM
baseline,0.017509877015168242,0.012360766947871415,-5.80234595041628,2772,MO
har,0.016475748915279368,0.011775047298015482,-5.971974906092539,2772,MO
ridge,0.016306813495388626,0.011501301939588222,-5.983325939004764,2772,MO
rf,0.016053679312252926,0.01128789585214277,-5.991807327799272,2772,MO
baseline,0.02731549737318414,0.01807662308838501,-4.958239117928316,2772,MPC
har,0.027120845712710027,0.016545846595798098,-4.842267059381437,2772,MPC
ridge,0.02607709600192907,0.01617531356179772,-4.912897438988544,2772,MPC
rf,0.02898344563562713,0.016942977842370196,-4.863968337558353,2772,MPC
baseline,0.01736707419664542,0.012352818772823038,-5.729708279899658,2772,MRK
har,0.016050173790178226,0.011405741330665464,-5.937431660106564,2772,MRK
ridge,0.015651757610758207,0.011170661971502764,-5.961047657506552,2772,MRK
rf,0.01564672954622414,0.011057283134873298,-5.946051111453049,2772,MRK
baseline,0.023502371402239357,0.015797501333067496,-5.310442364974083,2772,MS
har,0.021551145825315445,0.0138278547052247,-5.326887120486153,2772,MS
ridge,0.021229121718211213,0.013511460757494168,-5.328180450868981,2772,MS
rf,0.021734731826978784,0.01367412417594052,-5.327896732120462,2772,MS
baseline,0.020129582751600098,0.013834643299641243,-5.571741492186161,2772,MSFT
har,0.01832583429243473,0.012299485557163726,-5.66178006370587,2772,MSFT
ridge,0.01777433748364429,0.0117411718255436,-5.690905332159213,2772,MSFT
rf,0.018004055734524287,0.01181071757071163,-5.6894994836157755,2772,MSFT
baseline,0.019522166691051602,0.013832746921798226,-5.46431557681915,2772,MTD
har,0.0180344681366229,0.012339782509615607,-5.502819710937077,2772,MTD
ridge,0.017552580807004888,0.01233528011086656,-5.529208696963302,2772,MTD
rf,0.01771503221847516,0.012294824980208572,-5.5295467652983845,2772,MTD
baseline,0.03177733954764486,0.02300695088354175,-4.333556264641706,2772,MU
har,0.032417192127483035,0.022254026722115714,-4.031882929216043,2772,MU
ridge,0.03158232062706434,0.021683212739729778,-4.106119172684909,2772,MU
rf,0.031881188214825794,0.02178866679097037,-4.143366166801069,2772,MU
baseline,0.017977877099215705,0.012068475630721531,-5.842160446900906,2772,NEE
har,0.016743656578557004,0.01139004269725416,-5.931559388717409,2772,NEE
ridge,0.016291474705303784,0.01128530961409547,-5.950351916784339,2772,NEE
rf,0.016888078185066473,0.011290887427312934,-5.935761519281235,2772,NEE
baseline,0.03781931422699421,0.024347400349019176,-4.424540003592471,2772,NFLX
har,0.034964525943643486,0.020625918716561106,-4.259198195585878,2772,NFLX
ridge,0.03382366921554433,0.019833342596761856,-4.361346622650186,2772,NFLX
rf,0.03358454658078159,0.019654855503804518,-4.3862303848623005,2772,NFLX
baseline,0.017621107194023856,0.010842686936180321,-5.915411541936738,2772,NI
har,0.01616649358857864,0.0101665473793036,-6.034870744770714,2772,NI
ridge,0.015980430830739953,0.010103355719217059,-6.052187336051503,2772,NI
rf,0.01630564224307935,0.010142537868622624,-6.035084024551368,2772,NI
baseline,0.027650485779796355,0.018478295401183377,-4.9963631896779805,2772,NKE
har,0.02435960113904241,0.015204929257270431,-5.160494396186877,2772,NKE
ridge,0.023412586231022724,0.014488954968707507,-5.207634093878662,2772,NKE
rf,0.023442506345275168,0.014376740894062068,-5.2013808871382,2772,NKE
baseline,0.02864242090200823,0.021129291727748228,-4.711137300192475,2772,NOW
har,0.027044762631913605,0.018277633489046617,-4.6113686601905925,2772,NOW
ridge,0.026161025998415785,0.017795099980581545,-4.685326682498459,2772,NOW
rf,0.026407230978096982,0.018024219453751777,-4.699447296996274,2772,NOW
baseline,0.020802207419124755,0.014277212722557808,-5.5335196361575285,2772,NSC
har,0.01910806545484101,0.012735613281211557,-5.563218197660424,2772,NSC
ridge,0.018965071869256913,0.012625848236468075,-5.566631990949425,2772,NSC
rf,0.019233552805055794,0.012569564424417805,-5.566874175965866,2772,NSC
baseline,0.0298262060969697,0.019891957102137023,-4.774349494968532,2772,NTAP
har,0.026892340366799595,0.016645865788801926,-4.789309295821974,2772,NTAP
ridge,0.02636370885888815,0.016410750559263103,-4.872113946072468,2772,NTAP
rf,0.02613906309845558,0.016077886865320332,-4.876361600039221,2772,NTAP
baseline,0.03623169456158945,0.025468465760088353,-4.257541000812265,2772,NVDA
har,0.03419528656847197,0.021923920565950918,-4.049571504305715,2772,NVDA
ridge,0.03345119891742575,0.021402074285183585,-4.106598713091961,2772,NVDA
rf,0.03384723649153135,0.021861650527068018,-4.148830108201817,2772,NVDA
baseline,0.021772056390810285,0.01594510988299985,-5.20050608617953,2772,ODFL
har,0.020796988707149477,0.014306206037461156,-5.191993261303172,2772,ODFL
ridge,0.020454642660790088,0.014254708409034473,-5.23030683425942,2772,ODFL
rf,0.02041205500825948,0.01425394352371138,-5.237213056274166,2772,ODFL
baseline,0.031013495284097185,0.019815571278300807,-5.059570382931217,2772,ORCL
har,0.026944891650906407,0.01627105044647418,-5.247391232209219,2772,ORCL
ridge,0.026351268052436736,0.015621183823239107,-5.2798409983588845,2772,ORCL
rf,0.02608235999351973,0.015295971046661305,-5.302739267723411,2772,ORCL
baseline,0.02189855576373844,0.013655228939960972,-5.597366142750308,2772,ORLY
har,0.019714266638634022,0.01224045384361461,-5.65958057630031,2772,ORLY
ridge,0.019569762843192222,0.012226375126965859,-5.6773969453086535,2772,ORLY
rf,0.01958890834161047,0.012065407447880837,-5.685191687181276,2772,ORLY
baseline,0.036850562450985024,0.023898898331421364,-4.393923056283601,2772,PANW
har,0.03251313319234006,0.019592404591215112,-4.282859194100413,2772,PANW
ridge,0.03145250737139866,0.018917189017511982,-4.462359736116187,2772,PANW
rf,0.03077703149492143,0.018366768156978318,-4.4976824815180265,2772,PANW
baseline,0.014072004678682382,0.009858036024834508,-6.099587670829952,2772,PEG
har,0.013619360014776507,0.00961725392368803,-6.147669875069942,2772,PEG
ridge,0.013336261116677975,0.00955557296607886,-6.156746414928951,2772,PEG
rf,0.013562131408981378,0.009584707227440209,-6.15292701668837,2772,PEG
baseline,0.015002720393192129,0.009436686778578103,-6.372395232192546,2772,PEP
har,0.014209984589753526,0.009883365353063285,-6.458589110764319,2772,PEP
ridge,0.01384824174873071,0.009424448883531104,-6.4853961001575495,2772,PEP
rf,0.013977288028261606,0.009310392192678004,-6.484579525786276,2772,PEP
baseline,0.016828418091680338,0.01219162691103935,-5.822304737786143,2772,PFE
har,0.015426580976569446,0.011347576545429512,-5.950101490746406,2772,PFE
ridge,0.015245309309343346,0.01118047373257066,-5.966810007823347,2772,PFE
rf,0.015501001071568982,0.011264285720739262,-5.943911174146816,2772,PFE
baseline,0.01410938560921921,0.009507223552845475,-6.372033149344718,2772,PG
har,0.01352086392643753,0.009996253955436388,-6.46819511726122,2772,PG
ridge,0.012978493556087755,0.009508888210679137,-6.495762865411292,2772,PG
rf,0.013050012616575993,0.009462419485066853,-6.494634878706445,2772,PG
baseline,0.018250271315250255,0.012766063162331594,-5.72792310886367,2772,PGR
har,0.017203095924361873,0.01203190029505299,-5.8365025418925764,2772,PGR
ridge,0.0170268481532241,0.011907396298368532,-5.8461945375573645,2772,PGR
rf,0.016843261572589526,0.011752758681040571,-5.861854280783632,2772,PGR
baseline,0.019778539866403235,0.012583263769428503,-5.7681721341851,2772,PM
har,0.017810687943323102,0.011425376602239948,-5.89958444704792,2772,PM
ridge,0.01762649035840916,0.011199316460008728,-5.900310466026147,2772,PM
rf,0.017516837253797844,0.01106955569127066,-5.91136453488924,2772,PM
baseline,0.020535206681825926,0.014165227880514657,-5.522879111974674,2772,PNC
har,0.01909923657016446,0.012730248634915693,-5.607247451394237,2772,PNC
ridge,0.018892893867760305,0.012534213110575097,-5.6115535307508475,2772,PNC
rf,0.019892602568529327,0.012917567288149792,-5.588345143851297,2772,PNC
baseline,0.016016146612562836,0.010396052794879648,-6.072301656129337,2772,PPL
har,0.015269507204124046,0.01022555918403793,-6.163316961847497,2772,PPL
ridge,0.014972971935823637,0.010141346173550798,-6.171577323827796,2772,PPL
rf,0.015422393247842668,0.010143270438775283,-6.163044043851943,2772,PPL
baseline,0.02483051697123028,0.015895802330463685,-5.368655560721073,2772,PRU
har,0.02289131030992732,0.013747834958140664,-5.4183225298859465,2772,PRU
ridge,0.022712941665906265,0.0134575447190851,-5.427786099959607,2772,PRU
rf,0.02366678599314852,0.013743771038015964,-5.414101651474711,2772,PRU
baseline,0.0236627651030237,0.015857541765855885,-5.2873424329943965,2772,PSX
har,0.02262836895646318,0.014278400241862799,-5.252888235300264,2772,PSX
ridge,0.022091763800195025,0.014155012762698491,-5.283516404763003,2772,PSX
rf,0.02348353655146272,0.01476662098954844,-5.2630533317899095,2772,PSX
baseline,0.030459964656182892,0.021076167232756057,-4.686419009622808,2772,QCOM
har,0.027463863951175324,0.01766430175783484,-4.703740542242365,2772,QCOM
ridge,0.027148435712046722,0.01719435964374432,-4.716412633831191,2772,QCOM
rf,0.027362691308213182,0.017398387831157783,-4.726684821399724,2772,QCOM
baseline,0.03676794002750916,0.02420393987254188,-4.611593721769194,2772,RCL
har,0.037452806373756295,0.021730859328967067,-4.4351987491920255,2772,RCL
ridge,0.035454284669215436,0.02094482872907978,-4.5221511833766215,2772,RCL
rf,0.04237011106231509,0.023029398822996032,-4.335105628687624,2772,RCL
baseline,0.02388856181497723,0.017182474019216704,-5.108599413624949,2772,REGN
har,0.02264703212160224,0.015436861500149784,-5.052236471652508,2772,REGN
ridge,0.021928978787464012,0.015119618142785032,-5.119021101057013,2772,REGN
rf,0.02194375898536178,0.015073930414006231,-5.125968194881311,2772,REGN
baseline,0.03131835407464949,0.020048738849593132,-4.824038246360427,2772,RMD
har,0.027234977107095278,0.01653487093163991,-5.039008151232811,2772,RMD
ridge,0.02651362656558061,0.01589099484301699,-5.089496471859572,2772,RMD
rf,0.02652912253210207,0.015410081831589307,-5.04162557910214,2772,RMD
baseline,0.02630914034388454,0.016726566855572996,-5.3077628266181085,2772,ROST
har,0.023880254167554103,0.014495028168412636,-5.390861873719272,2772,ROST
ridge,0.02312201612768821,0.014125421839852628,-5.456730426110208,2772,ROST
rf,0.02362051582192182,0.014101622580645313,-5.436055828305069,2772,ROST
baseline,0.024902761936815412,0.01571366878110316,-5.347152823373209,2772,SBUX
har,0.022305013319264523,0.013466294833868749,-5.502803394613375,2772,SBUX
ridge,0.021680834065214358,0.012961687985448913,-5.544496305313178,2772,SBUX
rf,0.021984270727622848,0.013074722353603054,-5.521747273272567,2772,SBUX
baseline,0.02591663381734122,0.01763184114131219,-5.0277294883200705,2772,SCHW
har,0.023659819698491853,0.015658477429757057,-5.062733982545072,2772,SCHW
ridge,0.023461109826537502,0.015477983668579018,-5.078439626864156,2772,SCHW
rf,0.023833410718006088,0.0155630550833792,-5.071103117639995,2772,SCHW
baseline,0.019950794997744988,0.013529896680587903,-5.6102160910772705,2772,SJM
har,0.017825142867759616,0.011906702782194871,-5.7725313282374335,2772,SJM
ridge,0.017369740935891664,0.011699936765711544,-5.8104965507388044,2772,SJM
rf,0.017401478359443844,0.0116354789166722,-5.795722878267383,2772,SJM
baseline,0.02667717785635548,0.016832009299471193,-5.042558949045159,2772,SLB
har,0.026033059755872633,0.015560611531912962,-4.934855685213297,2772,SLB
ridge,0.025382328697888822,0.015284801982863961,-4.99024247153376,2772,SLB
rf,0.027088354645721242,0.015876285431056264,-4.9799582749399525,2772,SLB
baseline,0.03108920375650268,0.017461187880276147,-4.787733027771688,2772,SNPS
har,0.02715606143482099,0.014898985691393815,-4.9677065742629525,2772,SNPS
ridge,0.026899265670411118,0.014695736720407197,-5.041751066548636,2772,SNPS
rf,0.02718069880051997,0.014771097652311925,-4.980571605348678,2772,SNPS
baseline,0.015375472394720296,0.009328439034505913,-6.26276503426477,2772,SO
har,0.014593708236984554,0.009476094548380519,-6.315028476056653,2772,SO
ridge,0.0141059338777491,0.009234473454804095,-6.3391722065942036,2772,SO
rf,0.014828287085011254,0.009246960109488693,-6.32436401276593,2772,SO
baseline,0.020018960063119755,0.013374747304700944,-5.702457009862369,2772,SPGI
har,0.01849820033608364,0.012207667351232488,-5.808611304506814,2772,SPGI
ridge,0.018228185166817464,0.01183336137769359,-5.825059985018482,2772,SPGI
rf,0.018531664567475452,0.011823207548963583,-5.824247188006889,2772,SPGI
baseline,0.02082583891262229,0.01202735554682818,-5.84078534272363,2772,SRE
har,0.018693429850483344,0.010967104121562474,-5.928029506011499,2772,SRE
ridge,0.018256643438431357,0.01077425173165395,-5.948297066569552,2772,SRE
rf,0.018548277898214328,0.010617259249110932,-5.954668949489731,2772,SRE
baseline,0.034249494439878264,0.023895113462254373,-4.547310669719298,2772,STX
har,0.03216380329803586,0.020464853591575675,-4.318137009131253,2772,STX
ridge,0.03141628591865967,0.020054144386442214,-4.414339191585831,2772,STX
rf,0.031278035533568865,0.019862760427679357,-4.4428152080007886,2772,STX
baseline,0.03229055422069137,0.022038125183981464,-4.6172207875845785,2772,SWKS
har,0.029417871733838197,0.018863183488264254,-4.555211822461014,2772,SWKS
ridge,0.028526245210455714,0.018268522892609967,-4.61946582648661,2772,SWKS
rf,0.028932613237544664,0.01835037843147054,-4.623651912072657,2772,SWKS
baseline,0.018478863626053513,0.012967218292167152,-5.792090118560739,2772,SYK
har,0.017521460769991823,0.011962209242143567,-5.857136541970779,2772,SYK
ridge,0.017178625574813138,0.011760904152175051,-5.866662634051011,2772,SYK
rf,0.017657200783817707,0.011806227265258998,-5.862271044998546,2772,SYK
baseline,0.024688228977416137,0.014867723656264018,-5.4863772435290405,2772,SYY
har,0.02270190316452516,0.013573445399169652,-5.776548804980521,2772,SYY
ridge,0.022081911060802085,0.013168039604646277,-5.812111325288998,2772,SYY
rf,0.023908088974560128,0.01341984225583697,-5.76940910126922,2772,SYY
baseline,0.018642730150144306,0.013156042723090174,-5.779249936396083,2772,T
har,0.017067195355219004,0.012105033802776029,-5.947670645433394,2772,T
ridge,0.016676415469817928,0.011651097945880397,-5.959699793380196,2772,T
rf,0.016767190918947423,0.011648785717931761,-5.948683974079714,2772,T
baseline,0.032528336624048644,0.022391797237001375,-4.628904550534579,2772,TER
har,0.030397613609596048,0.01920384990479619,-4.495837700697681,2772,TER
ridge,0.029710089980887335,0.01883900858071769,-4.533769625765085,2772,TER
rf,0.029333686393945756,0.018660576880499553,-4.581507118277742,2772,TER
baseline,0.0241687606951497,0.015655118076020748,-5.347948196116912,2772,TFC
har,0.022489827392685652,0.013955639190010213,-5.417791093369446,2772,TFC
ridge,0.022146079037465086,0.013828108835451693,-5.426319016514511,2772,TFC
rf,0.023599196893452454,0.014122412033014998,-5.392183298091461,2772,TFC
baseline,0.032053125182069,0.020160045123885573,-4.907337384157158,2772,TGT
har,0.027794682548996568,0.016320531857945634,-5.0075433562744145,2772,TGT
ridge,0.026962487102822914,0.015733902326929405,-5.036079764293469,2772,TGT
rf,0.02649577715448884,0.015181287078084915,-5.065213958487714,2772,TGT
baseline,0.01847300253791695,0.012017612732964162,-5.815764001564962,2772,TJX
har,0.01741498457390965,0.01119843410828081,-5.880163891129177,2772,TJX
ridge,0.01681910243918906,0.010790590438090065,-5.913952692549847,2772,TJX
rf,0.0174907027824397,0.010942107845038063,-5.907028233559463,2772,TJX
baseline,0.017842757880648374,0.013238537332687504,-5.59954600776893,2772,TMO
har,0.016440983932951476,0.012081798597389714,-5.719667889653893,2772,TMO
ridge,0.016031282191314358,0.01182762633765506,-5.733601196458199,2772,TMO
rf,0.016077091842962618,0.011771383470123279,-5.73011041984218,2772,TMO
baseline,0.0206590795047493,0.012823105255404848,-5.850235784057558,2772,TRV
har,0.018650533461532698,0.011988246094299038,-5.980000132980488,2772,TRV
ridge,0.018427448651065038,0.011601813000972648,-5.987546828798607,2772,TRV
rf,0.018479161918438087,0.011509610295031971,-5.990547333937402,2772,TRV
baseline,0.038769086440756384,0.028224082057355562,-4.067860646347063,2772,TSLA
har,0.03954193273996602,0.026758612045624627,-3.6821717344007117,2772,TSLA
ridge,0.038520634911836014,0.026144775866160975,-3.753210617051531,2772,TSLA
rf,0.039675139781757615,0.026708998134346008,-3.767774955600265,2772,TSLA
baseline,0.024888690420032875,0.016160302503198824,-5.357073452982135,2772,TSN
har,0.022140837635384134,0.013918519760320262,-5.465633554153099,2772,TSN
ridge,0.021782388966901923,0.01370446472123487,-5.498872532924598,2772,TSN
rf,0.02160791288232313,0.013409209591015535,-5.49094876666745,2772,TSN
baseline,0.021421241894471227,0.014856601482645709,-5.344308530224989,2772,TXN
har,0.019697775433747417,0.013077515882304649,-5.38735331615841,2772,TXN
ridge,0.01930301575892823,0.012789541873363805,-5.395841947134268,2772,TXN
rf,0.019469529491676674,0.012846048914974111,-5.404096114246985,2772,TXN
baseline,0.037232969963881285,0.024346010023188605,-4.565790411918183,2772,UAL
har,0.036054749177570254,0.021570397721655,-4.401340772693374,2772,UAL
ridge,0.034418062449935,0.02080089472986157,-4.478867134204139,2772,UAL
rf,0.03926895004796278,0.022304358726534544,-4.351994398691698,2772,UAL
baseline,0.02628696294544344,0.01608325776421073,-5.488167749044931,2772,UNH
har,0.023918620767727373,0.014243084414258613,-5.537014753988766,2772,UNH
ridge,0.023654837584627494,0.014064385547071297,-5.54264798267812,2772,UNH
rf,0.023953262786110364,0.01386691430494501,-5.5233663599240534,2772,UNH
baseline,0.01918993582770593,0.013196778697074951,-5.634975025263713,2772,UNP
har,0.017699950749864603,0.012227074405613833,-5.723234700622657,2772,UNP
ridge,0.01718143155742317,0.011781325554942075,-5.743638964670743,2772,UNP
rf,0.017458416612924518,0.011815442128564144,-5.7366773123268775,2772,UNP
baseline,0.023375649005297768,0.015585503608813002,-5.372263643936249,2772,UPS
har,0.02104210580579399,0.013871304687427793,-5.567314760583565,2772,UPS
ridge,0.02047628351955597,0.013379076700894414,-5.5924928544489445,2772,UPS
rf,0.0201810819082065,0.012856675132961033,-5.586248549381285,2772,UPS
baseline,0.02185737292824906,0.014375214102165173,-5.56072507853432,2772,USB
har,0.020142679244405295,0.013092575934187547,-5.657187174293414,2772,USB
ridge,0.01992889459560194,0.012864176906832954,-5.659767782351963,2772,USB
rf,0.020574480397934997,0.013079108588445847,-5.63628214123043,2772,USB
baseline,0.01753290600022927,0.012239503096988702,-5.886908708144386,2772,V
har,0.016500761043670202,0.011640491943045152,-5.964927767054359,2772,V
ridge,0.01601039483781389,0.011185467898560255,-5.98846107643966,2772,V
rf,0.016197081391381398,0.011227472552542618,-5.981706638778475,2772,V
baseline,0.027282046882206937,0.017820549917844646,-4.971854594007412,2772,VLO
har,0.02626196048111586,0.015991131594567116,-4.875061468486525,2772,VLO
ridge,0.0251427651056077,0.015643046045745384,-4.951263318733542,2772,VLO
rf,0.026967703265137824,0.016278552043886126,-4.933488028477843,2772,VLO
baseline,0.030076169046775906,0.019520738925081275,-4.84517332592805,2772,VRTX
har,0.02708431871544619,0.016634212846045875,-4.839317458445945,2772,VRTX
ridge,0.02629539162451957,0.016292081748978535,-4.912183349090046,2772,VRTX
rf,0.025785947527777395,0.01582511764264074,-4.936693540680532,2772,VRTX
baseline,0.015769075665158238,0.011064637163787054,-6.035897342499186,2772,VZ
har,0.014608725711629068,0.010708919798817664,-6.206793632771077,2772,VZ
ridge,0.014174088599252491,0.01027603568817809,-6.230859552982273,2772,VZ
rf,0.01422090732414539,0.010340865259924026,-6.214954563785562,2772,VZ
baseline,0.02429207179086258,0.016556137563505494,-5.12971113581276,2772,WAT
har,0.0219746776151916,0.014328965445973958,-5.284521435016511,2772,WAT
ridge,0.021450308720047353,0.014081644837852672,-5.337577363511325,2772,WAT
rf,0.02137877484032843,0.013915250431533658,-5.337915966052185,2772,WAT
baseline,0.03433067175383699,0.02430614023058981,-4.357977017218992,2772,WDC
har,0.03370865297821268,0.021986580622473578,-4.100044878422009,2772,WDC
ridge,0.032747973353275096,0.02147583146378931,-4.202633467008459,2772,WDC
rf,0.03343491886947716,0.021707209532430084,-4.225830410532734,2772,WDC
baseline,0.016076244005976206,0.00947232427889227,-6.214115295768436,2772,WEC
har,0.014976465875446085,0.009389668700163134,-6.2475871003856245,2772,WEC
ridge,0.013997543046459183,0.00923731708184119,-6.280757442470041,2772,WEC
rf,0.015040749769657092,0.009204082086611581,-6.258147478851424,2772,WEC
baseline,0.02285966731836725,0.015417198333690854,-5.320780282265035,2772,WFC
har,0.021593928274896482,0.013899541341985653,-5.406952144497472,2772,WFC
ridge,0.021459784224315475,0.01364648608498267,-5.404919288960387,2772,WFC
rf,0.022086479604269453,0.01389827158668469,-5.394768466075328,2772,WFC
baseline,0.019827389001835553,0.013023747629309421,-5.78492163457949,2772,WMT
har,0.017696122941743515,0.01188759868067565,-6.0263996328594605,2772,WMT
ridge,0.017108851536666865,0.011378733285877988,-6.051020601635453,2772,WMT
rf,0.01694327743715257,0.011101498555863716,-6.057753223696482,2772,WMT
baseline,0.015319966396410438,0.009754498083651338,-6.13922118772885,2772,XEL
har,0.014417440054017098,0.00951113918657775,-6.202225762386996,2772,XEL
ridge,0.014061898756242183,0.009512240699207144,-6.22583143642396,2772,XEL
rf,0.014296084034393359,0.009349737339695326,-6.214332025647587,2772,XEL
baseline,0.017082217969397896,0.011885964904785305,-5.776241772698627,2772,XOM
har,0.016486618817598,0.011379728409718131,-5.78241231650975,2772,XOM
ridge,0.01603867950825905,0.010932630899071049,-5.793472423313003,2772,XOM
rf,0.01643636041862385,0.011009868810379938,-5.796534185320676,2772,XOM
baseline,0.019898828196643528,0.012387996395016336,-5.925852372217251,2772,YUM
har,0.017971822753383323,0.011341484101995283,-6.026371523521944,2772,YUM
ridge,0.017217846773884396,0.010950827185013976,-6.054900783399538,2772,YUM
rf,0.017573929936892566,0.010866227235226535,-6.049236625546606,2772,YUM
baseline,0.022094967279856326,0.015278510133500428,-5.46854190833366,2772,ZBH
har,0.020465869877428242,0.013528350901817154,-5.561474554979511,2772,ZBH
ridge,0.01985380143199615,0.013282143108255878,-5.599655369171388,2772,ZBH
rf,0.02019037496399615,0.013193001113210485,-5.589949411171725,2772,ZBH
baseline,0.02107461855913526,0.014218308712428985,-5.421236687399381,2772,ZTS
har,0.01887560933753074,0.012593386034078235,-5.594962962390729,2772,ZTS
ridge,0.018458961561530318,0.012305437866995169,-5.617539227423273,2772,ZTS
rf,0.018653992435931355,0.01235869144785097,-5.595388534148208,2772,ZTS
